Subject: Please update your user entry before the github transition

Dear all,

This is extremely urgent for all those below. In order to associate
your previous check-in names (which were already not unique,
e.g. AxelBrandenburg and brandenb) with your github account, please:

1. generate a github account and use your standard email for this.

2. make sure this github email address is indeed listed in the file
   ${PENCIL_HOME}/license/authors.txt for each incarnation of your
   name. Please do this soon, because otherwise we'll be nervous.
   All entries with "mycompany" are evidently not done yet.

Should you not be able to edit that file, please register with github and
then send us the email associates with your github account, so we can
check it in.

We will send out a more detailed mail about the transition soon, but
editing this file is your first step, and it should happen soon.

Axel, Tobi and Wolfgang


==============================================================================

PS: People, before you commit your changes, please first have a look at the
entries by Axel, Wolfgang, and myself and change your entries accordingly. Use
the same *full name* in *clear text* and the same email address for all your
entries and do *not*

- modify the left hand side
- remove any lines
- add any lines

Tobi

==============================================================================


Alex.I.Hubbard = Alex I. Hubbard <ahubbard@amnh.org>
Alex.I.Hubbard@gmail.com = Alex I. Hubbard <ahubbard@amnh.org>
AxelBrandenburg = Axel Brandenburg <brandenb@nordita.org>
AxelBrandenburg@gmail.com = Axel Brandenburg <brandenb@nordita.org>
Bourdin.KIS = Philippe Bourdin <git@Bourdin.ch>
Bourdin.KIS@gmail.com = Philippe Bourdin <git@Bourdin.ch>
Bourdin.KIS@googlemail.com = Philippe Bourdin <git@Bourdin.ch>
Eniko.Madarassy = Eniko J. M. Madarassy <Eniko.Madarassy@gmail.com>
G.DiBernardo = Giuseppe DiBernardo <G.DiBernardo@mycompany.com>
INKitiashvili = Irina N. Kitiashvili <INKitiashvili@mycompany.com>
Iomsn1 = Simon Candelaresi <Iomsn1@gmail.com>
Iomsn1@gmail.com = Simon Candelaresi <Iomsn1@gmail.com>
Iomsn1@googlemail.com = Simon Candelaresi <Iomsn1@googlemail.com>
Iouri.Belokopytov@gmail.com = Iouri Belokopytov <Iouri.Belokopytov@gmail.com>
JZSnellman = Jan Z. Snellman <JZSnellman@mycompany.com>
LIXYCUHK = Xiang-Yu Li <lixycuhk@gmail.com>
Michiel.Lambrechts = Michiel Lambrechts <michiel.lambrechts@gmail.com>
NBabkovskaia@gmail.com = Natalia Babkovskaia <NBabkovskaia@gmail.com>
nbabkovs = Natalia Babkovskaia <Nbabkovskaia@gmail.com>
Sven.Bingert = Sven Bingert <sven.bingert@gwdg.de>
ThePlunder = Tijmen van Wettum <vanwettum@mps.mpg.de>
TvanWettum = Tijmen van Wettum <vanwettum@mps.mpg.de>
a.w.baggaley = Andrew W. Baggaley <a.w.baggaley@mycompany.com>
aas = aas <aas@mycompany.com>
abag = abag <abag@mycompany.com>
ajohan = Anders Johansen <anders@astro.lu.se>
ajohan@strw.leidenuniv.nl = Anders Johansen <anders@astro.lu.se>
alan = alan <alan@mycompany.com>
alex.i.hubbard = Alex I. Hubbard <ahubbard@amnh.org>
alexrichert = Alex Richert <alexrichert@gmail.com>
allidf = allidf <allidf@mycompany.com>
amjed = Amjed Mohammed <amjed@mycompany.com>
anders = Anders Johansen <anders@astro.lu.se>
anders.johansen.astro@gmail.com = Anders Johansen <anders@astro.lu.se>
anders@astro.lu.se = Anders Johansen <anders@astro.lu.se>
andreasschreiber88@googlemail.com = andreas-schreiber <andreas.schreiber88@googlemail.com>
andrej.bicanski = Andrej Bicanski <andrej.bicanski@mycompany.com>
antyeates1983 = Anthony Yeates <antyeates1983@mycompany.com>
apichat = apichat <apichat@mycompany.com>
arnelohr = arnelohr <arnelohr@mycompany.com>
astron.fchen = astron.fchen <astron.fchen@mycompany.com>
atalayas = atalayas <atalayas@mycompany.com>
atefeh.barekat = Atefeh Barekat <atefeh.barekat@gmail.com>
bicanski = Andrej Bicanski <bicanski@mycompany.com>
bingert = Sven Bingert <sven.bingert@gwdg.de>
boris.dintrans@gmail.com = Boris Dintrans <boris.dintrans@gmail.com>
brandenb = Axel Brandenburg <brandenb@nordita.org>
brooke = John Brooke <brooke@mycompany.com>
ccyang@astro.lu.se = Chao-Chin Yang <ccyang@unlv.edu>
ccyang@ucolick.org = Chao-Chin Yang <ccyang@unlv.edu>
ccyang@unlv.edu = Chao-Chin Yang <ccyang@unlv.edu>
chanchikwan@gmail.com = Chanchikwan <chanchikwan@gmail.com>
christer = Christer Sandin <christer@mycompany.com>
cyang@amnh.org = Chao-Chin Yang <ccyang@unlv.edu>
daniel.o.gomez = Daniel O. Gomez <daniel.o.gomez@mycompany.com>
dcarrera = Daniel Carrera <danielc@astro.lu.se>
dhruba = Dhrubaditya Mitra <dhruba.mitra@gmail.com>
dhruba.mitra = Dhrubaditya Mitra <dhruba.mitra@gmail.com>
dintrans = Boris Dintrans <boris.dintrans@gmail.com>
bdintrans = Boris Dintrans <boris.dintrans@gmail.com>
dobler = Wolfgang Dobler <wdobler@gmail.com>
dorch = Bertil Dorch <dorch@mycompany.com>
easy = Edward Spiegel <easy@mycompany.com>
eemynotna = eemynotna <eemynotna@mycompany.com>
emeric.bron = Emeric Bron <emeric.bron@mycompany.com>
eos_merger_tony = Anthony Mee (EOS merger) <antonyjmee@facebook.com>
fadiesis = Fabio Del Sordo <fabio.delsordo@yale.edu>
fredgent = Frederick Gent <fred.gent.ncl@gmail.com>
fredgent = Frederick Gent <fred.gent.ncl@gmail.com>
g.dibernardo = Giuseppe DiBernardo <g.dibernardo@mycompany.com>
glesur = Geoffroy Lesur <geoffroy.lesur@obs.ujf-grenoble.fr>
grsarson = Graeme R. Sarson <g.r.sarson@ncl.ac.uk>
grsarson@gmail.com = Graeme R. Sarson <g.r.sarson@ncl.ac.uk>
hanseriksblom = Hans-Erik Sätherblom <hanseriksblom@gmail.com>
heidar = heidar <heidar@mycompany.com>
illa.rivero.losada = Illa R. Losada <illa.rivero.losada@gmail.com>
illa.rivero.losada@gmail.com = Illa R. Losada <illa.rivero.losada@gmail.com>
illarl = Illa R. Losada <illa.rivero.losada@gmail.com>
iomsn1 = Simon Candelaresi <Iomsn1@gmail.com>
iomsn1@googlemail.com = Simon Candelaresi <iomsn1@googlemail.com>
jnskrueger = Jonas Krueger <jnskrueger@gmail.com>
jnskrueger@gmail.com = Jonas Krueger <jnskrueger@gmail.com>
joern.warnecke = Jörn Warnecke <joern.warnecke@gmail.com>
joern.warnecke@gmail.com = Jörn Warnecke <joern.warnecke@gmail.com>
joishi = joishi <joishi@mycompany.com>
jonhagg = jonhagg <jonhagg@mycompany.com>
jsoishi = Jeff S. Oishi <jsoishi@mycompany.com>
juliensavre = Julien Savre <juliensavre@mycompany.com>
kalle.jansson.89 = Kalle Jansson <kalle.jansson.89@mycompany.com>
kandu = Kandaswamy Subramanian <kandu@mycompany.com>
kapelrud = kapelrud <kapelrud@mycompany.com>
karlsson = karlsson <karlsson@mycompany.com>
kdittrich85 = Karsten Dittrich <kdittrich85@mycompany.com>
kdittrich85@gmail.com = Karsten Dittrich <kdittrich85@gmail.com>
koenkemel = Koen Kemel <koenkemel@mycompany.com>
kragset = kragset <kragset@mycompany.com>
lizmcole = Elizabeth Cole <lizmcole@gmail.com>
luizfelippesr = Luiz Felippe S. Rodrigues <luiz.rodrigues@newcastle.ac.uk>
luizfelippeSR@gmail.com = Luiz Felippe S. Rodrigues  <luizfelippesr@gmail.com>
mattias = Mattias Christensson <mattias@mycompany.com>
mcmillan = David Mc Millan <mcmillan@mycompany.com>
mcnallcp@gmail.com = Colin McNally <mcnallcp@gmail.com>
mee = Antony Mee <mee@mycompany.com>
mgellert = Marcus Gellert <mgellert@aip.de>
michiel.lambrechts = Michiel Lambrechts <michiel.lambrechts@mgmail.com>
miikkavaisala = Miikka Vaisala <miikkavaisala@gmail.com>
mikhail.modestov = Mikhail Modestov <mikhail.modestov@mycompany.com>
mjkorpi = Maarit Käpylä <mjkorpi@gmail.com>
mkorpi = Maarit Käpylä <mjkorpi@gmail.com>
mppiyali@gmail.com = Piyali Chatterjee <mppiyali@gmail.com>
mreinhardt@nordita.org = Matthias Rheinhardt <mreinhardt@nordita.org>
mvaisala = Miikka Vaisala <miikkavaisala@gmail.com>
nbabkovs = Natalia Babkovskaia <NBabkovskaia@gmail.com>
ngrs = Graeme R. Sarson <g.r.sarson@ncl.ac.uk>
nils.e.haugen = Nils E. Haugen <nils.e.haugen@sintef.no>
nils.e.haugen@gmail.com = Nils E. Haugen <nils.e.haugen@gmail.com>
nilshau = Nils E. Haugen <nilshau@ntnu.no>
nishkpph = Nishant Singh <nishant.cosmo@gmail.com>
nobyokoi = Nobumitsu Yokoi <nobyokoi@mycompany.com>
ogressel = Oliver Gressel <oliver.gressel@nbi.dk>
palvi.b = Pallavi Bhat <palvi.b@gmail.com>
pencilsteve = pencilsteve <pencilsteve@mycompany.com>
pkapyla = Petri Käpylä <petri.kapyla@aalto.fi>
ponty = Yannick Ponty <ponty@mycompany.com>
reza = Reza Tavakol <reza@mycompany.com>
rplasson = Raphael Plasson <rplasson@mycompany.com>
sarahjab = Sarah Jabbari <sarah.jabbari12@gmail.com>
sarah.jabbari12@gmail.com = Sarah Jabbari <sarah.jabbari12@gmail.com>
snod = Andrew P. Snodin <snod@mycompany.com>
ssur06 = Sharanya Sur <ssur06@gmail.com>
steveb = steveb <steveb@mycompany.com>
stringfellow = stringfellow <stringfellow@mycompany.com>
sur = Sharanya Sur <ssur06@gmail.com>
svart = svart <svart@mycompany.com>
svedini = Andreas Svedin <svedini@mycompany.com>
sven.bingert = Sven Bingert <sven.bingert@gwdg.de>
tarek = Tarek Yousef <tarek@mycompany.com>
tavo.buk = Gustavo Guerrero  <tavo.buk@gmail.com>
tgastine = Thomas Gastine <tgastine@mycompany.com>
theine = Tobias Heinemann <tobias.heinemann@gmail.com>
thomas.gastine = Thomas Gastine <thomas.gastine@mycompany.com>
tobias.heinemann = Tobias Heinemann <tobias.heinemann@gmail.com>
tobias.heinemann@gmail.com = Tobias Heinemann <tobias.heinemann@gmail.com>
torkel = Ulf Torkelsson <torkel@physics.gu.se>
tvanwettum = Tijmen van Wettum <vanwettum@mps.mpg.de>
vduez81 = Vincent Duez <vduez81@mycompany.com>
vpariev = Vladimir Pariev <vpariev@mycompany.com>
wdobler = Wolfgang Dobler <wdobler@gmail.com>
weezy = weezy <weezy@mycompany.com>
wladimir.lyra = Wladimir Lyra <wladimir.lyra@gmail.com>
wladimir.lyra@gmail.com = Wladimir Lyra <wladimir.lyra@gmail.com>
wlyra = Wladimir Lyra <wladimir.lyra@gmail.com>
xiang-yu = Xiang-Yu Li <xiang.yu.li.phy@gmail.com>
